Workbook

Sheet Methodology
A1: Fantasy Darkness Scale: Methodology
A3: Scale | B3: Definition | D3: Criterion | E3: Weight
A4: Criterion range | B4: 0 = absent / opposite tendency; 4 = maximal grimdark tendency | D4: Structural Despair | E4: 0.15
A5: Structural Despair | B5: How strongly the world makes lasting improvement unlikely. | D5: Limited Heroism | E5: 0.15
A6: Limited Heroism | B6: How little heroic action changes the wider structure of the world. | D6: Moral Cynicism | E6: 0.15
A7: Moral Cynicism | B7: How much the setting rewards selfishness, brutality or moral compromise. | D7: Structural Corruption | E7: 0.15
A8: Structural Corruption | B8: How deeply injustice and exploitation are embedded in institutions. | D8: Redemption Difficulty | E8: 0.15
A9: Redemption Difficulty | B9: How difficult meaningful moral recovery or forgiveness is. | D9: Narrative Acceptance of Injustice | E9: 0.15
A10: Narrative Acceptance of Injustice | B10: How strongly the story treats injustice as permanent or unavoidable. | D10: Explicit Darkness | E10: 0.1
A11: Explicit Darkness | B11: Visible violence, horror, cruelty, death and disturbing content. | D11: Total | E11: 1
A12: Final score | B12: 1 + weighted internal score × 2.25
A14: Tier | B14: Category
A15: 1 | B15: Wholesome Cozy Fantasy, Gentle Hopepunk & Very Bright Fantasy
A16: 2 | B16: Resilient Cozy Fantasy, Fierce Hopepunk & Heroic Fantasy
A17: 3 | B17: Balanced, Bittersweet Hopepunk or Melancholic Fantasy
A18: 4 | B18: Fantasy in Gray Tones
A19: 5 | B19: Gloomy Fantasy
A20: 6 | B20: Dark Fantasy
A21: 7 | B21: Extreme Dark Fantasy
A22: 8 | B22: Grimdark
A23: 9 | B23: Extreme Grimdark
A24: 10 | B24: Very Extreme Grimdark
A26: Cozy Fantasy / Hopepunk columns | B26: Descriptive tags only -- excluded from the Weighted Internal Score / Calculated Score formula on purpose. Genre stance toward darkness is not the same as amount of darkness (e.g. Avatar: The Last Airbender is tagged Hopepunk but depicts real war and genocide).
A27: Cozy Fantasy = Yes requires | B27: Genuinely part of that specific book-publishing genre movement (comfort-focused, low-stakes, community/found-family), not just "has a cozy feeling."
A28: Hopepunk = Yes requires one of three variants
A29: Gentle | B29: No real adversity needed -- kindness/community/anti-cynicism as the default, deliberately-valued state of the world (e.g. Totoro, Legends & Lattes).
A30: Fierce | B30: Real external/societal adversity (an oppressive system, empire, institution) + hope/kindness as active resistance to it (e.g. The House in the Cerulean Sea, Avatar: The Last Airbender).
A31: Bittersweet | B31: Real existential adversity (mortality, loss, the passage of time -- not politically "resistable") + connection/kindness deliberately chosen anyway, knowing it will cost grief later (e.g. Frieren).
A32: Not sufficient for any variant | B32: Simply having a hopeful tone or a happy ending. Most tier 1-4 works are correctly Hopepunk = No.

Sheet Evaluations
A1: Tier | B1: Category | C1: Work | D1: Media | E1: Creator / Studio | F1: Cozy Fantasy | G1: Hopepunk | H1: Structural Despair | I1: Limited Heroism | J1: Moral Cynicism | K1: Structural Corruption | L1: Redemption Difficulty | M1: Narrative Acceptance of Injustice | N1: Explicit Darkness | O1: Weighted Internal Score | P1: Calculated Score | Q1: Rounded Tier | R1: Notes
A2: 1 | B2: Wholesome Cozy Fantasy, Gentle Hopepunk & Very Bright Fantasy | C2: My Neighbor Totoro | D2: Film | E2: Studio Ghibli / Hayao Miyazaki | F2: No | G2: Yes | H2: 0.1 | I2: 0.05 | J2: 0.05 | K2: 0.05 | L2: 0.05 | M2: 0.05 | N2: 0.15 | O2: =H2*Methodology!$E$4+I2*Methodology!$E$5+J2*Methodology!$E$6+K2*Methodology!$E$7+L2*Methodology!$E$8+M2*Methodology!$E$9+N2*Methodology!$E$10 -> 0.0675 | P2: =1+(O2*2.25) -> 1.151875 | Q2: =ROUND(P2,0) -> 1 | R2: Everyday kindness, family care and healing dominate the worldview.
A3: 1 | B3: Wholesome Cozy Fantasy, Gentle Hopepunk & Very Bright Fantasy | C3: Kiki's Delivery Service | D3: Film | E3: Studio Ghibli / Hayao Miyazaki | F3: No | G3: Yes | H3: 0.2 | I3: 0.05 | J3: 0.05 | K3: 0.05 | L3: 0.05 | M3: 0.05 | N3: 0.15 | O3: =H3*Methodology!$E$4+I3*Methodology!$E$5+J3*Methodology!$E$6+K3*Methodology!$E$7+L3*Methodology!$E$8+M3*Methodology!$E$9+N3*Methodology!$E$10 -> 0.0825 | P3: =1+(O3*2.25) -> 1.185625 | Q3: =ROUND(P3,0) -> 1 | R3: Low-stakes crisis resolved through community and personal growth.
A4: 1 | B4: Wholesome Cozy Fantasy, Gentle Hopepunk & Very Bright Fantasy | C4: Ponyo | D4: Film | E4: Studio Ghibli / Hayao Miyazaki | F4: No | G4: Yes | H4: 0.1 | I4: 0.05 | J4: 0.05 | K4: 0.05 | L4: 0.05 | M4: 0.05 | N4: 0.25 | O4: =H4*Methodology!$E$4+I4*Methodology!$E$5+J4*Methodology!$E$6+K4*Methodology!$E$7+L4*Methodology!$E$8+M4*Methodology!$E$9+N4*Methodology!$E$10 -> 0.0775 | P4: =1+(O4*2.25) -> 1.174375 | Q4: =ROUND(P4,0) -> 1 | R4: Danger exists, but wonder, love and reconciliation remain central.
A5: 1 | B5: Wholesome Cozy Fantasy, Gentle Hopepunk & Very Bright Fantasy | C5: Legends & Lattes | D5: Novel | E5: Travis Baldree | F5: Yes | G5: Yes | H5: 0.1 | I5: 0.05 | J5: 0.05 | K5: 0 | L5: 0.05 | M5: 0.05 | N5: 0.1 | O5: =H5*Methodology!$E$4+I5*Methodology!$E$5+J5*Methodology!$E$6+K5*Methodology!$E$7+L5*Methodology!$E$8+M5*Methodology!$E$9+N5*Methodology!$E$10 -> 0.055 | P5: =1+(O5*2.25) -> 1.12375 | Q5: =ROUND(P5,0) -> 1 | R5: A flagship cozy fantasy built around community and second chances.
A6: 2 | B6: Resilient Cozy Fantasy, Fierce Hopepunk & Heroic Fantasy | C6: The House in the Cerulean Sea | D6: Novel | E6: T. J. Klune | F6: No | G6: Yes | H6: 0.45 | I6: 0.3 | J6: 0.3 | K6: 0.6 | L6: 0.25 | M6: 0.4 | N6: 0.55 | O6: =H6*Methodology!$E$4+I6*Methodology!$E$5+J6*Methodology!$E$6+K6*Methodology!$E$7+L6*Methodology!$E$8+M6*Methodology!$E$9+N6*Methodology!$E$10 -> 0.4 | P6: =1+(O6*2.25) -> 1.9 | Q6: =ROUND(P6,0) -> 2 | R6: Institutional prejudice is real, but empathy and care can reform lives.
A7: 2 | B7: Resilient Cozy Fantasy, Fierce Hopepunk & Heroic Fantasy | C7: A Conspiracy of Truths | D7: Novel | E7: Alexandra Rowland | F7: No | G7: Yes | H7: 0.45 | I7: 0.4 | J7: 0.55 | K7: 0.65 | L7: 0.25 | M7: 0.25 | N7: 0.55 | O7: =H7*Methodology!$E$4+I7*Methodology!$E$5+J7*Methodology!$E$6+K7*Methodology!$E$7+L7*Methodology!$E$8+M7*Methodology!$E$9+N7*Methodology!$E$10 -> 0.4375 | P7: =1+(O7*2.25) -> 1.984375 | Q7: =ROUND(P7,0) -> 2 | R7: Hopepunk through resistance, storytelling and collective action.
A8: 2 | B8: Resilient Cozy Fantasy, Fierce Hopepunk & Heroic Fantasy | C8: A Choir of Lies | D8: Novel | E8: Alexandra Rowland | F8: No | G8: Yes | H8: 0.45 | I8: 0.3 | J8: 0.5 | K8: 0.6 | L8: 0.35 | M8: 0.25 | N8: 0.55 | O8: =H8*Methodology!$E$4+I8*Methodology!$E$5+J8*Methodology!$E$6+K8*Methodology!$E$7+L8*Methodology!$E$8+M8*Methodology!$E$9+N8*Methodology!$E$10 -> 0.4225 | P8: =1+(O8*2.25) -> 1.950625 | Q8: =ROUND(P8,0) -> 2 | R8: Community repair and truth oppose manipulation and social harm.
A9: 2 | B9: Resilient Cozy Fantasy, Fierce Hopepunk & Heroic Fantasy | C9: The Chronicles of Narnia | D9: Novels / Films | E9: C. S. Lewis | F9: No | G9: No | H9: 0.45 | I9: 0.3 | J9: 0.3 | K9: 0.4 | L9: 0.25 | M9: 0.25 | N9: 0.7 | O9: =H9*Methodology!$E$4+I9*Methodology!$E$5+J9*Methodology!$E$6+K9*Methodology!$E$7+L9*Methodology!$E$8+M9*Methodology!$E$9+N9*Methodology!$E$10 -> 0.3625 | P9: =1+(O9*2.25) -> 1.815625 | Q9: =ROUND(P9,0) -> 2 | R9: Moral clarity, sacrifice and restoration make hope structurally dominant.
A10: 2 | B10: Resilient Cozy Fantasy, Fierce Hopepunk & Heroic Fantasy | C10: Dungeons & Dragons: Honor Among Thieves | D10: Film | E10: Jonathan Goldstein / John Francis Daley | F10: No | G10: No | H10: 0.45 | I10: 0.3 | J10: 0.4 | K10: 0.4 | L10: 0.25 | M10: 0.25 | N10: 0.55 | O10: =H10*Methodology!$E$4+I10*Methodology!$E$5+J10*Methodology!$E$6+K10*Methodology!$E$7+L10*Methodology!$E$8+M10*Methodology!$E$9+N10*Methodology!$E$10 -> 0.3625 | P10: =1+(O10*2.25) -> 1.815625 | Q10: =ROUND(P10,0) -> 2 | R10: A flawed but fundamentally decent group succeeds through trust.
A11: 2 | B11: Resilient Cozy Fantasy, Fierce Hopepunk & Heroic Fantasy | C11: Harry Potter and the Philosopher's Stone | D11: Novel / Film | E11: J. K. Rowling | F11: No | G11: No | H11: 0.45 | I11: 0.3 | J11: 0.3 | K11: 0.4 | L11: 0.25 | M11: 0.25 | N11: 0.55 | O11: =H11*Methodology!$E$4+I11*Methodology!$E$5+J11*Methodology!$E$6+K11*Methodology!$E$7+L11*Methodology!$E$8+M11*Methodology!$E$9+N11*Methodology!$E$10 -> 0.3475 | P11: =1+(O11*2.25) -> 1.781875 | Q11: =ROUND(P11,0) -> 2 | R11: A dangerous world presented through wonder, friendship and clear moral agency.
A12: 2 | B12: Resilient Cozy Fantasy, Fierce Hopepunk & Heroic Fantasy | C12: Harry Potter and the Chamber of Secrets | D12: Novel / Film | E12: J. K. Rowling | F12: No | G12: No | H12: 0.45 | I12: 0.3 | J12: 0.3 | K12: 0.5 | L12: 0.25 | M12: 0.25 | N12: 0.75 | O12: =H12*Methodology!$E$4+I12*Methodology!$E$5+J12*Methodology!$E$6+K12*Methodology!$E$7+L12*Methodology!$E$8+M12*Methodology!$E$9+N12*Methodology!$E$10 -> 0.3825 | P12: =1+(O12*2.25) -> 1.860625 | Q12: =ROUND(P12,0) -> 2 | R12: Prejudice and institutional failure appear, but heroic action decisively works.
A13: 2 | B13: Resilient Cozy Fantasy, Fierce Hopepunk & Heroic Fantasy | C13: The Hobbit | D13: Novel / Films | E13: J. R. R. Tolkien | F13: No | G13: No | H13: 0.45 | I13: 0.3 | J13: 0.4 | K13: 0.4 | L13: 0.25 | M13: 0.25 | N13: 0.65 | O13: =H13*Methodology!$E$4+I13*Methodology!$E$5+J13*Methodology!$E$6+K13*Methodology!$E$7+L13*Methodology!$E$8+M13*Methodology!$E$9+N13*Methodology!$E$10 -> 0.3725 | P13: =1+(O13*2.25) -> 1.838125 | Q13: =ROUND(P13,0) -> 2 | R13: Adventure and greed create danger, but courage and mercy remain effective.
... A88: 2 | B88: Resilient Cozy Fantasy, Fierce Hopepunk & Heroic Fantasy | C88: Willow | D88: Film | E88: Ron Howard / George Lucas | F88: No | G88: No | H88: 0.45 | I88: 0.3 | J88: 0.3 | K88: 0.45 | L88: 0.25 | M88: 0.3 | N88: 0.7 | O88: =H88*Methodology!$E$4+I88*Methodology!$E$5+J88*Methodology!$E$6+K88*Methodology!$E$7+L88*Methodology!$E$8+M88*Methodology!$E$9+N88*Methodology!$E$10 -> 0.3775 | P88: =1+(O88*2.25) -> 1.849375 | Q88: =ROUND(P88,0) -> 2 | R88: Queen Bavmorda's decree to imprison every pregnant woman in her kingdom to prevent a prophesied downfall is genuinely severe institutional cruelty, and Airk dies in battle — but the comic-tinged transformation magic, Sorsha's clean redemption arc, and Bavmorda's almost ironic self-inflicted defeat keep the register close to Narnia and Castle in the Sky.

Sheet Summary
A1: Fantasy Darkness Scale Summary
A3: Tier | B3: Category | C3: Works | D3: Average Calculated Score
A4: 1 | B4: Wholesome Cozy Fantasy, Gentle Hopepunk & Very Bright Fantasy | C4: =COUNTIF(Evaluations!$A$2:$A$200,A4) -> 4 | D4: =AVERAGEIF(Evaluations!$A$2:$A$200,A4,Evaluations!$P$2:$P$200) -> 1.1589063
A5: 2 | B5: Resilient Cozy Fantasy, Fierce Hopepunk & Heroic Fantasy | C5: =COUNTIF(Evaluations!$A$2:$A$200,A5) -> 19 | D5: =AVERAGEIF(Evaluations!$A$2:$A$200,A5,Evaluations!$P$2:$P$200) -> 1.8727632
A6: 3 | B6: Balanced, Bittersweet Hopepunk or Melancholic Fantasy | C6: =COUNTIF(Evaluations!$A$2:$A$200,A6) -> 17 | D6: =AVERAGEIF(Evaluations!$A$2:$A$200,A6,Evaluations!$P$2:$P$200) -> 2.7348162
A7: 4 | B7: Fantasy in Gray Tones | C7: =COUNTIF(Evaluations!$A$2:$A$200,A7) -> 22 | D7: =AVERAGEIF(Evaluations!$A$2:$A$200,A7,Evaluations!$P$2:$P$200) -> 3.7710795
A8: 5 | B8: Gloomy Fantasy | C8: =COUNTIF(Evaluations!$A$2:$A$200,A8) -> 9 | D8: =AVERAGEIF(Evaluations!$A$2:$A$200,A8,Evaluations!$P$2:$P$200) -> 4.884375
A9: 6 | B9: Dark Fantasy | C9: =COUNTIF(Evaluations!$A$2:$A$200,A9) -> 7 | D9: =AVERAGEIF(Evaluations!$A$2:$A$200,A9,Evaluations!$P$2:$P$200) -> 5.98375
A10: 7 | B10: Extreme Dark Fantasy | C10: =COUNTIF(Evaluations!$A$2:$A$200,A10) -> 2 | D10: =AVERAGEIF(Evaluations!$A$2:$A$200,A10,Evaluations!$P$2:$P$200) -> 7.305625
A11: 8 | B11: Grimdark | C11: =COUNTIF(Evaluations!$A$2:$A$200,A11) -> 5 | D11: =AVERAGEIF(Evaluations!$A$2:$A$200,A11,Evaluations!$P$2:$P$200) -> 8.385625
A12: 9 | B12: Extreme Grimdark | C12: =COUNTIF(Evaluations!$A$2:$A$200,A12) -> 1 | D12: =AVERAGEIF(Evaluations!$A$2:$A$200,A12,Evaluations!$P$2:$P$200) -> 9.364375
A13: 10 | B13: Very Extreme Grimdark | C13: =COUNTIF(Evaluations!$A$2:$A$200,A13) -> 1 | D13: =AVERAGEIF(Evaluations!$A$2:$A$200,A13,Evaluations!$P$2:$P$200) -> 9.83125
